{"cameraMode":{"drawMode":0,"name":"Shaded","section":"Shading Mode"},"sceneLighting":true,"audioPlay":false,"sceneViewState":{"showFog":true,"showMaterialUpdate":false,"showSkybox":false,"showFlares":true,"showImageEffects":true,"showParticleSystems":true},"in2DMode":false,"pivot":{"x":-38.842124938964847,"y":604.452880859375,"z":-250.5986785888672},"rotation":{"x":0.05845736339688301,"y":0.02814878150820732,"z":-0.0016593474429100752,"w":0.9978920817375183},"size":468.64373779296877,"orthographic":false}